year,value
2012,70.86505830882886
2013,53.485026260507766
2014,53.91557152965566
2015,66.76689947448463
2016,56.16314861210863
2017,68.00776792125824
2018,47.65245377758735
2019,74.68277365218182
2020,65.69690222378318
